patient,sample,condition,seq,kit,r1,r2
BALB_c,4T1DNA,tumour,WGS,WGS,/vast/projects/papenfuss_brain_mets/WGS_mouse_cell_lines/rawdata/fastq/4T1DNA_233JF2LT3_GTCCGTAAGC-CGTGTATCTT_L001_R1.fastq.gz,/vast/projects/papenfuss_brain_mets/WGS_mouse_cell_lines/rawdata/fastq/4T1DNA_233JF2LT3_GTCCGTAAGC-CGTGTATCTT_L001_R2.fastq.gz
BALB_c,4T1DNA,tumour,WGS,WGS,/vast/projects/papenfuss_brain_mets/WGS_mouse_cell_lines/rawdata/fastq/4T1DNA_233JF2LT3_GTCCGTAAGC-CGTGTATCTT_L002_R1.fastq.gz,/vast/projects/papenfuss_brain_mets/WGS_mouse_cell_lines/rawdata/fastq/4T1DNA_233JF2LT3_GTCCGTAAGC-CGTGTATCTT_L002_R2.fastq.gz
BALB_c,4T1DNA,tumour,WGS,WGS,/vast/projects/papenfuss_brain_mets/WGS_mouse_cell_lines/rawdata/fastq/4T1DNA_233JF2LT3_GTCCGTAAGC-CGTGTATCTT_L003_R1.fastq.gz,/vast/projects/papenfuss_brain_mets/WGS_mouse_cell_lines/rawdata/fastq/4T1DNA_233JF2LT3_GTCCGTAAGC-CGTGTATCTT_L003_R2.fastq.gz
BALB_c,4T1DNA,tumour,WGS,WGS,/vast/projects/papenfuss_brain_mets/WGS_mouse_cell_lines/rawdata/fastq/4T1DNA_233JF2LT3_GTCCGTAAGC-CGTGTATCTT_L004_R1.fastq.gz,/vast/projects/papenfuss_brain_mets/WGS_mouse_cell_lines/rawdata/fastq/4T1DNA_233JF2LT3_GTCCGTAAGC-CGTGTATCTT_L004_R2.fastq.gz
BALB_c,4T1DNA,tumour,WGS,WGS,/vast/projects/papenfuss_brain_mets/WGS_mouse_cell_lines/rawdata/fastq/4T1DNA_233JF2LT3_GTCCGTAAGC-CGTGTATCTT_L005_R1.fastq.gz,/vast/projects/papenfuss_brain_mets/WGS_mouse_cell_lines/rawdata/fastq/4T1DNA_233JF2LT3_GTCCGTAAGC-CGTGTATCTT_L005_R2.fastq.gz
BALB_c,4T1DNA,tumour,WGS,WGS,/vast/projects/papenfuss_brain_mets/WGS_mouse_cell_lines/rawdata/fastq/4T1DNA_233JF2LT3_GTCCGTAAGC-CGTGTATCTT_L006_R1.fastq.gz,/vast/projects/papenfuss_brain_mets/WGS_mouse_cell_lines/rawdata/fastq/4T1DNA_233JF2LT3_GTCCGTAAGC-CGTGTATCTT_L006_R2.fastq.gz
BALB_c,4T1DNA,tumour,WGS,WGS,/vast/projects/papenfuss_brain_mets/WGS_mouse_cell_lines/rawdata/fastq/4T1DNA_233JF2LT3_GTCCGTAAGC-CGTGTATCTT_L007_R1.fastq.gz,/vast/projects/papenfuss_brain_mets/WGS_mouse_cell_lines/rawdata/fastq/4T1DNA_233JF2LT3_GTCCGTAAGC-CGTGTATCTT_L007_R2.fastq.gz
BALB_c,67NRDNA,tumour,WGS,WGS,/vast/projects/papenfuss_brain_mets/WGS_mouse_cell_lines/rawdata/fastq/67NRDNA_233JF2LT3_ACATATCCAG-TATGTGCAAT_L001_R1.fastq.gz,/vast/projects/papenfuss_brain_mets/WGS_mouse_cell_lines/rawdata/fastq/67NRDNA_233JF2LT3_ACATATCCAG-TATGTGCAAT_L001_R2.fastq.gz
BALB_c,67NRDNA,tumour,WGS,WGS,/vast/projects/papenfuss_brain_mets/WGS_mouse_cell_lines/rawdata/fastq/67NRDNA_233JF2LT3_ACATATCCAG-TATGTGCAAT_L002_R1.fastq.gz,/vast/projects/papenfuss_brain_mets/WGS_mouse_cell_lines/rawdata/fastq/67NRDNA_233JF2LT3_ACATATCCAG-TATGTGCAAT_L002_R2.fastq.gz
BALB_c,67NRDNA,tumour,WGS,WGS,/vast/projects/papenfuss_brain_mets/WGS_mouse_cell_lines/rawdata/fastq/67NRDNA_233JF2LT3_ACATATCCAG-TATGTGCAAT_L003_R1.fastq.gz,/vast/projects/papenfuss_brain_mets/WGS_mouse_cell_lines/rawdata/fastq/67NRDNA_233JF2LT3_ACATATCCAG-TATGTGCAAT_L003_R2.fastq.gz
BALB_c,67NRDNA,tumour,WGS,WGS,/vast/projects/papenfuss_brain_mets/WGS_mouse_cell_lines/rawdata/fastq/67NRDNA_233JF2LT3_ACATATCCAG-TATGTGCAAT_L004_R1.fastq.gz,/vast/projects/papenfuss_brain_mets/WGS_mouse_cell_lines/rawdata/fastq/67NRDNA_233JF2LT3_ACATATCCAG-TATGTGCAAT_L004_R2.fastq.gz
BALB_c,67NRDNA,tumour,WGS,WGS,/vast/projects/papenfuss_brain_mets/WGS_mouse_cell_lines/rawdata/fastq/67NRDNA_233JF2LT3_ACATATCCAG-TATGTGCAAT_L005_R1.fastq.gz,/vast/projects/papenfuss_brain_mets/WGS_mouse_cell_lines/rawdata/fastq/67NRDNA_233JF2LT3_ACATATCCAG-TATGTGCAAT_L005_R2.fastq.gz
BALB_c,67NRDNA,tumour,WGS,WGS,/vast/projects/papenfuss_brain_mets/WGS_mouse_cell_lines/rawdata/fastq/67NRDNA_233JF2LT3_ACATATCCAG-TATGTGCAAT_L006_R1.fastq.gz,/vast/projects/papenfuss_brain_mets/WGS_mouse_cell_lines/rawdata/fastq/67NRDNA_233JF2LT3_ACATATCCAG-TATGTGCAAT_L006_R2.fastq.gz
BALB_c,67NRDNA,tumour,WGS,WGS,/vast/projects/papenfuss_brain_mets/WGS_mouse_cell_lines/rawdata/fastq/67NRDNA_233JF2LT3_ACATATCCAG-TATGTGCAAT_L007_R1.fastq.gz,/vast/projects/papenfuss_brain_mets/WGS_mouse_cell_lines/rawdata/fastq/67NRDNA_233JF2LT3_ACATATCCAG-TATGTGCAAT_L007_R2.fastq.gz
BALB_c,BR4DNA,tumour,WGS,WGS,/vast/projects/papenfuss_brain_mets/WGS_mouse_cell_lines/rawdata/fastq/BR4DNA_233JF2LT3_ACTTCAAGCG-GAACCATGAA_L001_R1.fastq.gz,/vast/projects/papenfuss_brain_mets/WGS_mouse_cell_lines/rawdata/fastq/BR4DNA_233JF2LT3_ACTTCAAGCG-GAACCATGAA_L001_R2.fastq.gz
BALB_c,BR4DNA,tumour,WGS,WGS,/vast/projects/papenfuss_brain_mets/WGS_mouse_cell_lines/rawdata/fastq/BR4DNA_233JF2LT3_ACTTCAAGCG-GAACCATGAA_L002_R1.fastq.gz,/vast/projects/papenfuss_brain_mets/WGS_mouse_cell_lines/rawdata/fastq/BR4DNA_233JF2LT3_ACTTCAAGCG-GAACCATGAA_L002_R2.fastq.gz
BALB_c,BR4DNA,tumour,WGS,WGS,/vast/projects/papenfuss_brain_mets/WGS_mouse_cell_lines/rawdata/fastq/BR4DNA_233JF2LT3_ACTTCAAGCG-GAACCATGAA_L003_R1.fastq.gz,/vast/projects/papenfuss_brain_mets/WGS_mouse_cell_lines/rawdata/fastq/BR4DNA_233JF2LT3_ACTTCAAGCG-GAACCATGAA_L003_R2.fastq.gz
BALB_c,BR4DNA,tumour,WGS,WGS,/vast/projects/papenfuss_brain_mets/WGS_mouse_cell_lines/rawdata/fastq/BR4DNA_233JF2LT3_ACTTCAAGCG-GAACCATGAA_L004_R1.fastq.gz,/vast/projects/papenfuss_brain_mets/WGS_mouse_cell_lines/rawdata/fastq/BR4DNA_233JF2LT3_ACTTCAAGCG-GAACCATGAA_L004_R2.fastq.gz
BALB_c,BR4DNA,tumour,WGS,WGS,/vast/projects/papenfuss_brain_mets/WGS_mouse_cell_lines/rawdata/fastq/BR4DNA_233JF2LT3_ACTTCAAGCG-GAACCATGAA_L005_R1.fastq.gz,/vast/projects/papenfuss_brain_mets/WGS_mouse_cell_lines/rawdata/fastq/BR4DNA_233JF2LT3_ACTTCAAGCG-GAACCATGAA_L005_R2.fastq.gz
BALB_c,BR4DNA,tumour,WGS,WGS,/vast/projects/papenfuss_brain_mets/WGS_mouse_cell_lines/rawdata/fastq/BR4DNA_233JF2LT3_ACTTCAAGCG-GAACCATGAA_L006_R1.fastq.gz,/vast/projects/papenfuss_brain_mets/WGS_mouse_cell_lines/rawdata/fastq/BR4DNA_233JF2LT3_ACTTCAAGCG-GAACCATGAA_L006_R2.fastq.gz
BALB_c,BR4DNA,tumour,WGS,WGS,/vast/projects/papenfuss_brain_mets/WGS_mouse_cell_lines/rawdata/fastq/BR4DNA_233JF2LT3_ACTTCAAGCG-GAACCATGAA_L007_R1.fastq.gz,/vast/projects/papenfuss_brain_mets/WGS_mouse_cell_lines/rawdata/fastq/BR4DNA_233JF2LT3_ACTTCAAGCG-GAACCATGAA_L007_R2.fastq.gz
BALB_c,SMTDNA,tumour,WGS,WGS,/vast/projects/papenfuss_brain_mets/WGS_mouse_cell_lines/rawdata/fastq/SMTDNA_233JF2LT3_TCAGAAGGCG-GGCCATCATA_L001_R1.fastq.gz,/vast/projects/papenfuss_brain_mets/WGS_mouse_cell_lines/rawdata/fastq/SMTDNA_233JF2LT3_TCAGAAGGCG-GGCCATCATA_L001_R2.fastq.gz
BALB_c,SMTDNA,tumour,WGS,WGS,/vast/projects/papenfuss_brain_mets/WGS_mouse_cell_lines/rawdata/fastq/SMTDNA_233JF2LT3_TCAGAAGGCG-GGCCATCATA_L002_R1.fastq.gz,/vast/projects/papenfuss_brain_mets/WGS_mouse_cell_lines/rawdata/fastq/SMTDNA_233JF2LT3_TCAGAAGGCG-GGCCATCATA_L002_R2.fastq.gz
BALB_c,SMTDNA,tumour,WGS,WGS,/vast/projects/papenfuss_brain_mets/WGS_mouse_cell_lines/rawdata/fastq/SMTDNA_233JF2LT3_TCAGAAGGCG-GGCCATCATA_L003_R1.fastq.gz,/vast/projects/papenfuss_brain_mets/WGS_mouse_cell_lines/rawdata/fastq/SMTDNA_233JF2LT3_TCAGAAGGCG-GGCCATCATA_L003_R2.fastq.gz
BALB_c,SMTDNA,tumour,WGS,WGS,/vast/projects/papenfuss_brain_mets/WGS_mouse_cell_lines/rawdata/fastq/SMTDNA_233JF2LT3_TCAGAAGGCG-GGCCATCATA_L004_R1.fastq.gz,/vast/projects/papenfuss_brain_mets/WGS_mouse_cell_lines/rawdata/fastq/SMTDNA_233JF2LT3_TCAGAAGGCG-GGCCATCATA_L004_R2.fastq.gz
BALB_c,SMTDNA,tumour,WGS,WGS,/vast/projects/papenfuss_brain_mets/WGS_mouse_cell_lines/rawdata/fastq/SMTDNA_233JF2LT3_TCAGAAGGCG-GGCCATCATA_L005_R1.fastq.gz,/vast/projects/papenfuss_brain_mets/WGS_mouse_cell_lines/rawdata/fastq/SMTDNA_233JF2LT3_TCAGAAGGCG-GGCCATCATA_L005_R2.fastq.gz
BALB_c,SMTDNA,tumour,WGS,WGS,/vast/projects/papenfuss_brain_mets/WGS_mouse_cell_lines/rawdata/fastq/SMTDNA_233JF2LT3_TCAGAAGGCG-GGCCATCATA_L006_R1.fastq.gz,/vast/projects/papenfuss_brain_mets/WGS_mouse_cell_lines/rawdata/fastq/SMTDNA_233JF2LT3_TCAGAAGGCG-GGCCATCATA_L006_R2.fastq.gz
BALB_c,SMTDNA,tumour,WGS,WGS,/vast/projects/papenfuss_brain_mets/WGS_mouse_cell_lines/rawdata/fastq/SMTDNA_233JF2LT3_TCAGAAGGCG-GGCCATCATA_L007_R1.fastq.gz,/vast/projects/papenfuss_brain_mets/WGS_mouse_cell_lines/rawdata/fastq/SMTDNA_233JF2LT3_TCAGAAGGCG-GGCCATCATA_L007_R2.fastq.gz
BALB_c,TBCPDNA,tumour,WGS,WGS,/vast/projects/papenfuss_brain_mets/WGS_mouse_cell_lines/rawdata/fastq/TBCPDNA_233JF2LT3_GCGTTGGTAT-ACATACTTCC_L001_R1.fastq.gz,/vast/projects/papenfuss_brain_mets/WGS_mouse_cell_lines/rawdata/fastq/TBCPDNA_233JF2LT3_GCGTTGGTAT-ACATACTTCC_L001_R2.fastq.gz
BALB_c,TBCPDNA,tumour,WGS,WGS,/vast/projects/papenfuss_brain_mets/WGS_mouse_cell_lines/rawdata/fastq/TBCPDNA_233JF2LT3_GCGTTGGTAT-ACATACTTCC_L002_R1.fastq.gz,/vast/projects/papenfuss_brain_mets/WGS_mouse_cell_lines/rawdata/fastq/TBCPDNA_233JF2LT3_GCGTTGGTAT-ACATACTTCC_L002_R2.fastq.gz
BALB_c,TBCPDNA,tumour,WGS,WGS,/vast/projects/papenfuss_brain_mets/WGS_mouse_cell_lines/rawdata/fastq/TBCPDNA_233JF2LT3_GCGTTGGTAT-ACATACTTCC_L003_R1.fastq.gz,/vast/projects/papenfuss_brain_mets/WGS_mouse_cell_lines/rawdata/fastq/TBCPDNA_233JF2LT3_GCGTTGGTAT-ACATACTTCC_L003_R2.fastq.gz
BALB_c,TBCPDNA,tumour,WGS,WGS,/vast/projects/papenfuss_brain_mets/WGS_mouse_cell_lines/rawdata/fastq/TBCPDNA_233JF2LT3_GCGTTGGTAT-ACATACTTCC_L004_R1.fastq.gz,/vast/projects/papenfuss_brain_mets/WGS_mouse_cell_lines/rawdata/fastq/TBCPDNA_233JF2LT3_GCGTTGGTAT-ACATACTTCC_L004_R2.fastq.gz
BALB_c,TBCPDNA,tumour,WGS,WGS,/vast/projects/papenfuss_brain_mets/WGS_mouse_cell_lines/rawdata/fastq/TBCPDNA_233JF2LT3_GCGTTGGTAT-ACATACTTCC_L005_R1.fastq.gz,/vast/projects/papenfuss_brain_mets/WGS_mouse_cell_lines/rawdata/fastq/TBCPDNA_233JF2LT3_GCGTTGGTAT-ACATACTTCC_L005_R2.fastq.gz
BALB_c,TBCPDNA,tumour,WGS,WGS,/vast/projects/papenfuss_brain_mets/WGS_mouse_cell_lines/rawdata/fastq/TBCPDNA_233JF2LT3_GCGTTGGTAT-ACATACTTCC_L006_R1.fastq.gz,/vast/projects/papenfuss_brain_mets/WGS_mouse_cell_lines/rawdata/fastq/TBCPDNA_233JF2LT3_GCGTTGGTAT-ACATACTTCC_L006_R2.fastq.gz
BALB_c,TBCPDNA,tumour,WGS,WGS,/vast/projects/papenfuss_brain_mets/WGS_mouse_cell_lines/rawdata/fastq/TBCPDNA_233JF2LT3_GCGTTGGTAT-ACATACTTCC_L007_R1.fastq.gz,/vast/projects/papenfuss_brain_mets/WGS_mouse_cell_lines/rawdata/fastq/TBCPDNA_233JF2LT3_GCGTTGGTAT-ACATACTTCC_L007_R2.fastq.gz
BALB_c,BALB_cJ,normal,WGS,WGS,/vast/ai_projects/melanoma_depigmentation_biomarker_discovery/refdata/fastq/BALB_cJ/ERR9880211.lite.1_pass_1.fastq.gz,/vast/ai_projects/melanoma_depigmentation_biomarker_discovery/refdata/fastq/BALB_cJ/ERR9880211.lite.1_pass_2.fastq.gz